Item_Number,Set_Name,Theme,Pieces,Price,Amazon_Price,Year,Ages,Pages,Minifigures,Packaging,Weight,Unique_Pieces,Availability,Size
43172,Elsa's Ice Palace,LEGO® Frozen 2,701,79.99,63.99,2019,Ages_6+,180,4,NA,NA,234,NA,Small
10907,World Animals,DUPLO®,121,99.99,95.65,2019,Ages_2+,48,6,Box,NA,75,Retail,Large
75278,D-O,Star Wars™,519,69.99,57.09,2020,Ages_10+,72,1,Box,NA,149,NA,Small
31095,Fairground Carousel,Creator 3-in-1,595,49.99,40,2019,Ages_8+,236,3,Box,NA,223,Retail,Small
75976,Wrecking Ball,Overwatch®,227,19.99,19.99,2019,Ages_9+,84,1,Box,NA,78,Retail,Small
41353,Friends Advent Calendar,Friends,500,29.99,34,2018,Ages_6-12,4,NA,Box,NA,202,Retail,Small
70639,Street Race of Snake Jaguar,NINJAGO®,308,29.99,63.93,2018,Ages_7-14,112,2,Box,0.44Kg (0.97 lb),130,Retail,Small
75253,Droid Commander,Star Wars™,1177,199.99,199.95,2019,Ages_8+,25,NA,Box,NA,343,Retail,Small
21313,Ship in a Bottle,Ideas,962,69.99,154,2018,Ages_12+,156,NA,Box,NA,124,Retail - limited,Small
41342,Emma's Deluxe Bedroom,Friends,183,14.99,49.92,2018,Ages_6-12,68,1,Box,NA,105,Retail,Small
42094,Tracked Loader,Technic™,827,79.99,134.2,2019,Ages_10+,140,NA,Box,1.13Kg (2.49 lb),128,Retail,Small
70420,Graveyard Mystery,Hidden Side,335,29.99,23.97,2019,Ages_7+,112,4,Box,NA,160,Retail,Small
42076,Hovercraft,Technic™,1020,89.99,128.99,2018,Ages_9-16,349,NA,Box,NA,139,NA,Small
76117,Batman Mech vs. Poison Ivy Mech,Batman™,375,39.99,61.94,2019,Ages_7+,92,4,Box,0.55Kg (1.21 lb),173,Retail,Small
70821,Emmet and Benny's 'Build and Fix' Workshop!,THE LEGO® MOVIE 2™,117,19.99,19.98,2019,Ages_4+,48,2,Box,0.34Kg (0.75 lb),73,Retail,Small
76898,Formula E Panasonic Jaguar Racing GEN2 Car & Jaguar I-PACE eTROPHY,Speed Champions,565,29.99,29.95,2020,Ages_8+,128,2,Box,0.73Kg (1.61 lb),186,Retail,Small
41347,Heartlake City Resort,Friends,1017,99.99,230,2018,Ages_7-12,208,4,Box,1.95Kg (4.3 lb),326,Retail,Small
75197,First Order Specialists Battle Pack,Star Wars™,108,14.99,29.99,2018,Ages_6-12,36,3,Box,NA,48,Retail,Small
75234,AT-AP Walker,Star Wars™,689,59.99,87.99,2019,Ages_9+,140,4,Box,0.98Kg (2.16 lb),214,Retail,Small
70918,The Bat-Dune Buggy,DC,198,19.99,37.89,2018,Ages_7-14,64,2,Box,NA,92,Retail,Small
75969,Hogwarts Astronomy Tower,Harry Potter™,971,99.99,99.99,2020,Ages_9+,172,8,Box,NA,310,Retail,Small
75946,Hungarian Horntail Triwizard Challenge,Harry Potter™,265,29.99,23.99,2019,Ages_8+,52,4,Box,NA,101,Retail,Small
71364,Whomp's Lava Trouble,LEGO® Super Mario™,133,19.99,19.99,2020,Ages_6+,NA,2,Box,NA,56,Retail,Small
41623,Ariel & Ursula,BrickHeadz,361,19.99,77.42,2018,Ages_10+,121,NA,Box,NA,121,Retail,Small
75209,Han Solo's Landspeeder,Star Wars™,345,29.99,36.9,2018,Ages_7-12,96,2,Box,0.42Kg (0.93 lb),126,Retail,Small
41287,Bubbles Playground Showdown,Powerpuff Girls™,144,19.99,19.84,2018,Ages_6-12,48,3,Box,0.23Kg (0.51 lb),92,Retail,Small
76141,Thanos Mech,Marvel,152,9.99,9.84,2020,Ages_6+,56,1,Box,NA,62,Retail,Small
10929,Modular Playhouse,DUPLO®,129,59.99,59.99,2020,Ages_2+,84,3,Box,NA,56,Retail,Large
70822,Unikitty's Sweetest Friends EVER!,THE LEGO® MOVIE 2™,76,9.99,12.5,2019,Ages_5+,36,3,Box,0.08Kg (0.18 lb),50,Retail,Small
31100,Sports Car,Creator 3-in-1,134,9.99,9.84,2020,Ages_6+,120,NA,Box,NA,60,Retail,Small
70664,Spinjitzu Lloyd vs. Garmadon,NINJAGO®,208,19.99,38.75,2019,Ages_7+,52,2,Box,0.23Kg (0.51 lb),44,Retail,Small
70669,Cole's Earth Driller,NINJAGO®,587,49.99,94.99,2019,Ages_8+,132,4,Box,0.95Kg (2.09 lb),216,Retail,Small
42092,Rescue Helicopter,Technic™,325,39.99,33.28,2019,Ages_8+,181,NA,Box,0.45Kg (0.99 lb),81,Retail,Small
41154,Cinderella's Dream Castle,Disney™,585,69.99,158.9,2018,Ages_6-12,132,2,Box,1.14Kg (2.51 lb),218,Retail,Small
75263,Resistance Y-wing Microfighter,Star Wars™,86,9.99,8.99,2020,Ages_6+,40,1,Box,NA,44,Retail,Small
42097,Compact Crawler Crane,Technic™,920,99.99,168,2019,Ages_10+,344,NA,Box,NA,102,NA,Small
41254,Volcano Rock City Concert,Trolls World Tour,387,39.99,32.88,2020,Ages_6+,120,3,Box,NA,175,Retail,Small
10765,Ariel's Underwater Concert,Juniors,92,14.99,30.48,2018,Ages_4-7,40,1,Box,NA,55,NA,Small
31101,Monster Truck,Creator 3-in-1,163,14.99,11.99,2020,Ages_7+,136,NA,Box,NA,54,Retail,Small
10750,Road Repair Truck,Juniors,73,9.99,32.92,2018,Ages_4-7,32,1,Box,0.15Kg (0.33 lb),50,Retail,Small
41404,Emma's Play Cube - Photographer,Friends,36,9.99,17.97,2020,Ages_6+,5,1,Box,NA,31,Retail,Small
75265,T-16 Skyhopper vs Bantha Microfighters,Star Wars™,198,19.99,17.99,2020,Ages_6+,84,2,Box,NA,100,Retail,Small
42079,Heavy Duty Forklift,Technic™,592,69.99,124.99,2018,Ages_9-16,232,NA,Box,1.25Kg (2.75 lb),109,Retail,Small
31071,Drone Explorer,Creator 3-in-1,109,9.99,19.88,2018,Ages_6-12,80,NA,Box,0.17Kg (0.37 lb),56,Retail,Small
10883,My First Tow Truck,DUPLO®,11,9.99,7.99,2019,Ages_1½+,10,NA,Box,0.26Kg (0.57 lb),10,Retail,Large
10897,My First Minnie Build,Disney™,10,9.99,8.99,2019,Ages_1½+,10,NA,Box,0.25Kg (0.55 lb),9,Retail,Small
41194,Noctura's Tower & the Earth Fox Rescue,NA,646,59.99,199.99,2018,Ages_9-12,44,4,Box,NA,227,Retail,NA
21321,International Space Station,Ideas,864,69.99,69.99,2020,Ages_16+,128,NA,Box,NA,186,Retail - limited,Small
60265,Ocean Exploration Base,City,497,79.99,79.95,2020,Ages_6+,165,5,Box,NA,180,Retail,Small
76134,Spider-Man: Doc Ock Diamond Heist,Marvel,150,29.99,36.99,2019,Ages_4+,96,3,Box,0.53Kg (1.17 lb),98,Retail,Small
41392,Nature Glamping,Friends,241,29.99,26.99,2020,Ages_6+,72,2,Box,NA,110,Retail,Small
10903,Fire Station,DUPLO®,76,49.99,44.99,2019,Ages_2+,34,2,NA,1.14Kg (2.51 lb),47,NA,Large
10860,My First Race Car,DUPLO®,6,4.99,9.45,2018,Ages_1½-3,9,NA,Box,0.13Kg (0.29 lb),6,Retail,Large
70653,Firstbourne,NINJAGO®,882,69.99,124,2018,Ages_9-14,172,6,Box,1.29Kg (2.84 lb),337,Retail,Small
76123,Captain America: Outriders Attack,Marvel,167,19.99,15.99,2019,Ages_6+,52,3,Box,NA,75,Retail,Small
41333,Olivia's Mission Vehicle,Friends,223,19.99,45.95,2018,Ages_6-12,84,1,Box,0.32Kg (0.7 lb),106,Retail,Small
76094,Mighty Micros: Supergirl vs. Brainiac,NA,80,9.99,14.09,2018,Ages_5-12,7,2,Box,NA,50,Retail,NA
41395,Friendship Bus,Friends,778,69.99,69.95,2020,Ages_8+,236,3,Box,NA,286,Retail,Small
31094,Race Plane,Creator 3-in-1,333,29.99,28.99,2019,Ages_7+,200,1,Box,0.64Kg (1.41 lb),134,Retail,Small
76165,Iron Man,Marvel,480,59.99,59.99,2020,Ages_18+,132,NA,Box,NA,123,Retail,Small
75933,T. Rex Transport,Jurassic World™,609,69.99,108.89,2018,Ages_7-12,156,3,Box,1.13Kg (2.49 lb),174,NA,Small
41345,Heartlake City Pet Centre,Friends,474,59.99,159.99,2018,Ages_6-12,108,3,Box,0.99Kg (2.18 lb),234,Retail,Small
60195,Arctic Mobile Exploration Base,City,786,119.99,155.29,2018,Ages_7-12,236,6,Box,1.56Kg (3.43 lb),255,Retail,Small
75264,Kylo Ren's Shuttle Microfighter,Star Wars™,72,9.99,9.84,2020,Ages_6+,40,1,Box,NA,40,Retail,Small
76158,Batboat The Penguin Pursuit!,Batman™,54,9.99,9.89,2020,Ages_4+,44,2,Box,NA,41,Retail,Small
41902,Sparkly Unicorn Bracelet,DOTS,33,4.99,4.99,2020,Ages_6+,NA,NA,Foil pack,NA,9,Retail,Small
10405,Mission to Mars,Classic,871,59.99,89.99,2018,Ages_5-99,81,3,Plastic box,NA,330,Retail,Small
70424,Ghost Train Express,Hidden Side,698,79.99,100.63,2019,Ages_8+,136,6,Box,NA,268,Retail,Small
72004,Tech Wizard Showdown,NA,506,39.99,138.99,2018,Ages_8-14,116,3,Box,NA,197,Retail,NA
60218,Desert Rally Racer,City,75,9.99,18.81,2019,Ages_5+,36,1,Box,0.16Kg (0.35 lb),45,Retail,Small
41421,Baby Elephant Jungle Rescue,Friends,203,19.99,19.99,2020,Ages_6+,68,2,Box,NA,111,Retail,Small
75893,2018 Dodge Challenger SRT Demon and 1970 Dodge Charger R/T,Speed Champions,478,29.99,24,2019,Ages_7+,124,3,Box,0.54Kg (1.19 lb),159,Retail,Small
60209,Diamond Heist,City,400,59.99,86.95,2019,Ages_6+,160,4,Box,0.8Kg (1.76 lb),191,Retail,Small
75968,4 Privet Drive,Harry Potter™,797,69.99,69.95,2020,Ages_8+,184,6,Box,NA,255,Retail,Small
75941,Indominus rex vs. Ankylosaurus,Jurassic World™,537,99.99,99.99,2020,Ages_8+,112,5,Box,NA,216,Retail,Small
41153,Ariel's Royal Celebration Boat,Disney™,380,49.99,82.75,2018,Ages_6-12,108,2,Box,0.65Kg (1.43 lb),156,Retail,Small
70660,Spinjitzu Jay,NINJAGO®,97,9.99,29.44,2019,Ages_7+,32,1,Box,0.13Kg (0.29 lb),23,Retail,Small
76097,Lex Luthor Mech Takedown,DC,406,39.99,57.99,2018,Ages_7-14,84,5,Box,NA,159,Retail,Small
31076,Daredevil Stunt Plane,Creator 3-in-1,200,19.99,35,2018,Ages_7-12,120,1,Box,NA,86,Retail,Small
41916,Extra Dots - Series 2,DOTS,109,3.99,3.44,2020,Ages_6+,NA,NA,Foil pack,NA,6,Retail,Small
10910,Submarine Adventure,DUPLO®,24,19.99,17.99,2019,Ages_2+,8,2,Box,NA,22,Retail,Large
75945,Expecto Patronum,Harry Potter™,121,19.99,15.99,2019,Ages_7+,48,3,Box,NA,55,Retail,Small
76101,Outrider Dropship Attack,Marvel,124,14.99,21.95,2018,Ages_6-12,52,3,Box,0.18Kg (0.4 lb),63,Retail,Small
41255,Pop Village Celebration,Trolls World Tour,380,49.99,39.99,2020,Ages_6+,120,5,Box,NA,205,Retail,Small
10277,Crocodile Locomotive,Creator Expert,1271,99.99,99.99,2020,Ages_18+,132,2,Box,1.54Kg (3.39 lb),212,Retail - limited,Small
71372,Cat Mario Power-Up Pack,LEGO® Super Mario™,11,9.99,14.52,2020,Ages_6+,NA,NA,Box,NA,9,Retail,Small
21156,BigFig Creeper and Ocelot,Minecraft™,184,14.99,11.99,2020,Ages_7+,48,NA,Box,NA,65,Retail,Small
75219,Imperial AT-Hauler,Star Wars™,829,99.99,106.54,2018,Ages_9-14,148,5,Box,1.4Kg (3.08 lb),206,Retail,Small
71711,Jay's Cyber Dragon,NINJAGO®,518,49.99,44.99,2020,Ages_8+,84,5,Box,NA,189,Retail,Small
21054,The White House,Architecture,1483,99.99,99.95,2020,Ages_18+,188,NA,Box,NA,180,Retail - limited,Small
60229,Rocket Assembly &Transport,City,1055,149.99,134.99,2019,Ages_7+,340,8,Box,2.38Kg (5.23 lb),364,Retail,Small
76107,Thanos: Ultimate Battle,Marvel,674,69.99,92.84,2018,Ages_8-14,116,4,Box,1.02Kg (2.25 lb),190,Retail,Small
10917,Fire Truck,DUPLO®,6,6.99,6.29,2020,Ages_1½+,3,NA,Box with backing card,0.15Kg (0.33 lb),6,Retail,Large
41389,Ice Cream Cart,Friends,97,9.99,8.99,2020,Ages_6+,40,1,Box,NA,60,Retail,Small
41433,Party Boat,Friends,640,79.99,79.99,2020,Ages_7+,184,3,Box,NA,270,Retail,Small
41252,Poppy's Air Balloon Adventure,Trolls World Tour,250,29.99,24.86,2020,Ages_6+,68,3,Box,NA,121,Retail,Small
60257,Service Station,City,354,49.99,42.99,2020,Ages_5+,193,4,Box,0.7Kg (1.55 lb),179,Retail,Small
70837,Shimmer & Shine Sparkle Spa!,THE LEGO® MOVIE 2™,694,69.99,45.49,2019,Ages_7+,128,8,Box,NA,209,Retail,Small
41606,Star-Lord,BrickHeadz,113,9.99,23.79,2018,Ages_10+,40,NA,Box,NA,51,Retail,Small
10873,Minnie's Birthday Party,Disney™,21,19.99,17.99,2018,Ages_2-5,12,1,Box,0.36Kg (0.79 lb),18,Retail,Small
76111,Batman: Brother Eye Takedown,Batman™,269,29.99,37,2018,Ages_6-12,76,3,Box,0.46Kg (1.01 lb),103,Retail,Small
41602,Rey,Star Wars™,119,9.99,20.5,2018,Ages_10+,36,NA,Box,NA,50,Retail,Small
70841,Benny's Space Squad,THE LEGO® MOVIE 2™,68,9.99,19.88,2019,Ages_5+,32,5,Box,0.09Kg (0.2 lb),53,Retail,Small
70422,Shrimp Shack Attack,Hidden Side,578,49.99,39.99,2019,Ages_8+,128,5,Box,NA,293,Retail,Small
41195,Emily & Noctura's Showdown,NA,650,49.99,162.49,2018,Ages_8-12,144,4,Box,NA,246,Retail,NA
21322,Pirates of Barracuda Bay,Ideas,2545,199.99,199.99,2020,Ages_16+,460,10,Box,4.43Kg (9.76 lb),575,Retail - limited,Small
75930,Indoraptor Rampage at Lockwood Estate,Jurassic World™,1019,129.99,206.05,2018,Ages_8-12,176,6,Box,1.89Kg (4.16 lb),257,Retail,Small
41163,Rapunzel's Small Tower,Disney™,44,9.99,18.94,2019,Ages_5+,24,1,NA,0.09Kg (0.2 lb),28,NA,Small
70647,Kai - Dragon Master,NINJAGO®,92,14.99,20.32,2018,Ages_8-14,48,1,Box,NA,53,Retail,Small
75228,Escape Pod vs. Dewback Microfighters,Star Wars™,177,19.99,44.89,2019,Ages_6+,64,3,Box,0.2Kg (0.44 lb),79,Retail,Small
75953,Hogwarts Whomping Willow,Harry Potter™,753,69.99,55.99,2018,Ages_8-14,148,6,Box,1.1Kg (2.42 lb),253,Retail,Small
75226,Inferno Squad Battle Pack,Star Wars™,118,14.99,36.99,2019,Ages_6+,40,4,Box,0.12Kg (0.26 lb),52,Retail,Small
60247,Forest Fire,City,84,9.99,8.99,2020,Ages_5+,56,1,Box,0.13Kg (0.3 lb),49,Retail,Small
60177,Airshow Jet,City,87,9.99,23.29,2018,Ages_5-12,56,1,Box,NA,53,Retail,Small
60228,Deep Space Rocket and Launch Control,City,837,99.99,89.99,2019,Ages_7+,304,7,Box,1.83Kg (4.03 lb),308,Retail,Small
75236,Duel on Starkiller Base,Star Wars™,191,19.99,28.75,2019,Ages_6+,68,2,Box,NA,83,Retail,Small
42114,6x6 Volvo Articulated Hauler,Technic™,2193,249.99,249.99,2020,Ages_11+,456,NA,Box,NA,234,Retail,Small
10898,My First Mickey Build,Disney™,9,9.99,9.99,2019,Ages_1½+,10,NA,Box,0.24Kg (0.53 lb),8,Retail,Small
76160,Mobile Bat Base,DC,743,89.99,89.99,2020,Ages_8+,140,6,Box,NA,275,Retail,Small
71709,Jay and Lloyd's Velocity Racers,NINJAGO®,322,29.99,23.99,2020,Ages_7+,148,3,Box,NA,142,Retail,Small
21052,Dubai,Architecture,740,59.99,57.44,2020,Ages_16+,112,NA,Box,NA,127,Retail - limited,Small
70435,Newbury Abandoned Prison,Hidden Side,400,39.99,39.99,2020,Ages_7+,132,4,Box,NA,164,Retail,Small
43174,Mulan's Storybook Adventures,Disney™,124,19.99,15.99,2020,Ages_5+,3,3,Box,NA,72,Retail,Small
10770,Buzz & Woody's Carnival Mania!,Disney™,230,49.99,32.8,2019,Ages_4+,52,5,Box,NA,106,Retail,Small
60171,Mountain Fugitives,City,88,9.99,16.49,2018,Ages_5-12,36,4,Box,NA,61,Retail,Small
70820,LEGO Movie Maker,THE LEGO® MOVIE 2™,482,49.99,37.99,2019,Ages_8+,96,6,Box,0.76Kg (1.67 lb),243,Retail,Small
10261,Roller Coaster,Creator Expert,4124,379.99,379.95,2018,Ages_16+,440,11,Box,5.8Kg (12.78 lb),556,Retail - limited,Small
60237,Curves & Crossroad,City,2,14.99,11.99,2019,Ages_5+,NA,NA,Shrink-wrapped,0.2Kg (0.44 lb),2,Retail,Small
71712,Empire Temple of Madness,NINJAGO®,810,79.99,71.99,2020,Ages_9+,160,6,Box,NA,267,Retail,Small
75955,Hogwarts Express,Harry Potter™,801,79.99,63.99,2018,Ages_8-14,124,6,Box,1.37Kg (3.02 lb),261,Retail,Small
75220,Sandcrawler,Star Wars™,1239,139.99,219.98,2018,Ages_9-14,188,6,Box,1.77Kg (3.9 lb),277,Retail,Small
70431,The Lighthouse of Darkness,Hidden Side,540,49.99,44.99,2020,Ages_8+,156,5,Box,NA,240,Retail,Small
41374,Andrea's Pool Party,Friends,468,49.99,40,2019,Ages_6+,112,2,Box,NA,221,Retail,Small
41609,Chewbacca,Star Wars™,149,9.99,36.95,2018,Ages_10+,40,NA,Box,NA,52,Retail,Small
31105,Townhouse Toy Store,Creator 3-in-1,554,39.99,39.95,2020,Ages_8+,268,2,Box,0.88Kg (1.94 lb),194,Retail,Small
10894,Toy Story Train,Disney™,21,19.99,15.99,2019,Ages_2+,8,2,Box,NA,19,Retail,Small
60172,Dirt Road Pursuit,City,297,39.99,64.75,2018,Ages_5-12,116,3,Box,0.6Kg (1.32 lb),140,Retail,Small
10751,Mountain Police Chase,Juniors,115,19.99,34.99,2018,Ages_4-7,64,2,Box,0.33Kg (0.73 lb),85,Retail,Small
41190,Emily Jones & The Eagle Getaway,NA,149,14.99,34.92,2018,Ages_7-12,60,2,Box,NA,87,Retail,NA
11010,White Baseplate,Classic,1,7.99,7.86,2020,Ages_4+,1,NA,Shrink-wrapped,NA,1,Retail,Small
41397,Juice Truck,Friends,103,19.99,17.99,2020,Ages_4+,52,2,Box,NA,75,Retail,Small
10881,Mickey's Boat,Disney™,28,29.99,47.99,2018,Ages_2-5,24,2,Box,0.58Kg (1.28 lb),25,Retail,Small
41428,Beach House,Friends,444,49.99,49.95,2020,Ages_6+,160,2,Box,NA,216,Retail,Small
10868,Farm Pony Stable,DUPLO®,59,29.99,83.94,2018,Ages_2-5,25,2,Box,NA,31,NA,Large
10909,Heart Box,DUPLO®,80,19.99,17.99,2020,Ages_1½+,2,NA,Box,NA,39,Retail,Large
60208,Parachute Arrest,City,218,39.99,31.46,2019,Ages_5+,120,4,Box,0.48Kg (1.05 lb),139,Retail,Small
70683,Spinjitzu Slam - Zane,NINJAGO®,63,9.99,18.47,2019,Ages_7+,40,1,Box,NA,37,Retail,Small
60210,Air Base,City,529,89.99,84.96,2019,Ages_6+,260,6,Box,1.22Kg (2.69 lb),270,Retail,Small
21150,Minecraft Skeleton BigFig with Magma Cube,Minecraft™,142,14.99,26.25,2019,Ages_7+,40,NA,Box,0.17Kg (0.37 lb),56,Retail,Small
75251,Darth Vader's Castle,Star Wars™,1060,129.99,129.99,2019,Ages_9+,188,5,Box,NA,285,Retail,Small
76096,Superman & Krypto Team-Up,DC,199,19.99,40,2018,Ages_6-12,76,2,Box,NA,110,Retail,Small
42082,Rough Terrain Crane,Technic™,4057,299.99,284.93,2018,Ages_11+,1527,NA,Box,6.1Kg (13.44 lb),262,Retail,Small
31093,Riverside Houseboat,Creator 3-in-1,396,39.99,39.98,2019,Ages_7+,200,2,Box,0.67Kg (1.48 lb),157,Retail,Small
41152,Sleeping Beauty's Fairytale Castle,Disney™,322,39.99,139.9,2018,Ages_6-12,84,3,Box,NA,171,Retail,Small
21144,The Farm Cottage,Minecraft™,549,49.99,199.95,2018,Ages_8+,116,3,Box,NA,157,Retail,Small
31084,Pirate Roller Coaster,Creator 3-in-1,923,89.99,169,2018,Ages_9-14,324,5,Box,1.94Kg (4.27 lb),277,Retail,Small
10862,My First Celebration,DUPLO®,41,14.99,39.89,2018,Ages_1½-3,9,NA,Box,NA,18,NA,Large
60179,Ambulance Helicopter,City,190,19.99,37.95,2018,Ages_5-12,84,3,Box,0.41Kg (0.9 lb),108,Retail,Small
60186,Mining Heavy Driller,City,294,49.99,69.99,2018,Ages_5-12,124,3,Box,0.78Kg (1.71 lb),139,Retail,Small
31074,Rocket Rally Car,Creator 3-in-1,241,19.99,35,2018,Ages_7-12,148,NA,Box,0.44Kg (0.97 lb),104,Retail,Small
76119,Batmobile: Pursuit of The Joker,Batman™,342,29.99,36.23,2019,Ages_7+,80,2,Box,NA,114,Retail,Small
11008,Bricks and Houses,Classic,270,19.99,19.95,2020,Ages_4+,77,NA,Box,NA,121,Retail,Small
76130,Stark Jet and the Drone Attack,Spider-Man,504,69.99,55.99,2019,Ages_8+,96,4,Box,NA,176,Retail,Small
71701,Kai's Fire Dragon,NINJAGO®,81,19.99,17.99,2020,Ages_4+,60,2,Box,NA,48,Retail,Small
75317,The Mandalorian & The Child,Star Wars™,295,19.99,19.95,2020,Ages_10+,88,NA,Box,NA,123,Retail,Small
75935,Baryonyx Face-Off: The Treasure Hunt,Jurassic World™,434,59.99,47.99,2019,Ages_7+,96,4,Box,NA,211,Retail,Small
10871,Airport,DUPLO®,29,24.99,22.49,2018,Ages_2-5,20,3,Box,0.66Kg (1.45 lb),24,NA,Large
41328,Stephanie's Bedroom,Friends,95,9.99,28.87,2018,Ages_6-12,44,1,Box,NA,72,Retail,Small
41917,Magic Forest Bracelet,DOTS,33,4.99,4.99,2020,Ages_6+,NA,NA,Foil pack,NA,9,Retail,Small
75275,A-wing Starfighter,Star Wars™,1673,199.99,199.99,2020,Ages_18+,272,1,Box,NA,355,Retail,Small
21047,Las Vegas,Architecture,501,39.99,49.99,2018,Ages_12+,108,NA,Box,NA,123,Retail,Small
31081,Modular Skate House,Creator 3-in-1,422,39.99,83.49,2018,Ages_8-12,196,2,Box,0.81Kg (1.78 lb),169,Retail,Small
41168,Elsa's Jewellery Box,LEGO® Frozen 2,300,39.99,31.99,2019,Ages_6+,96,1,Box,NA,89,Retail,Small
31198,The Beatles,LEGO® Art,2933,119.99,119.99,2020,Ages_18+,NA,NA,Box,NA,35,LEGO exclusive,Small
10900,Police Bike,DUPLO®,8,9.99,8.99,2019,Ages_2+,10,1,Box,0.18Kg (0.4 lb),7,Retail,Large
60240,Kayak Adventure,City,84,9.99,23.22,2019,Ages_5+,36,1,Box,0.15Kg (0.33 lb),48,Retail - limited,Small
76122,Batcave Clayface Invasion,Batman™,1038,99.99,99.95,2019,Ages_8+,168,6,Box,NA,333,Retail,Small
76102,Thor's Weapon Quest,Marvel,223,19.99,48.71,2018,Ages_6-12,84,3,Box,0.33Kg (0.73 lb),112,Retail,Small
70654,Dieselnaut,NINJAGO®,1179,109.99,214.93,2018,Ages_9-14,156,7,Box,1.75Kg (3.85 lb),308,Retail,Small
41911,Go Team! Bracelet,DOTS,33,4.99,4.99,2020,Ages_6+,NA,NA,Foil pack,NA,12,Retail,Small
70848,Systar Party Crew,THE LEGO® MOVIE 2™,196,19.99,15.66,2019,Ages_7+,80,2,Box,NA,104,Retail,Small
10753,The Joker Batcave Attack,Batman™,151,24.99,45.95,2018,Ages_4-7,76,3,Box,0.41Kg (0.9 lb),94,Retail,Small
42078,Mack Anthem,Technic™,2595,179.99,330,2018,Ages_11-16,897,NA,Box,3.46Kg (7.62 lb),253,Retail,Small
21161,The Crafting Box 3.0,Minecraft™,564,69.99,69.99,2020,Ages_8+,180,4,Box,NA,128,Retail,Small
21147,The Bedrock Adventures,Minecraft™,644,89.99,161.95,2018,Ages_8+,108,4,Box,1.27Kg (2.8 lb),168,Retail,Small
21314,TRON: Legacy,Ideas,230,34.99,78.95,2018,Ages_10+,68,3,Box,NA,73,Retail - limited,Small
43180,Belle's Castle Winter Celebration,Disney™,238,49.99,49.95,2020,Ages_4+,108,6,Box,NA,146,Retail,Small
10927,Pizza Stand,DUPLO®,18,9.99,8.99,2020,Ages_2+,12,1,Box,NA,15,Retail,Large
10767,Duke Caboom's Stunt Show,Disney™,120,19.99,19.99,2019,Ages_4+,48,2,Box,NA,62,Retail,Small
71365,Piranha Plant Power Slide,LEGO® Super Mario™,217,29.99,29.95,2020,Ages_7+,NA,3,Box,NA,78,Retail,Small
76146,Spider-Man Mech,Marvel,152,9.99,9.84,2020,Ages_6+,68,1,Box,NA,62,Retail,Small
71715,Jay Avatar - Arcade Pod,NINJAGO®,47,9.99,8.99,2020,Ages_7+,3,2,Box with backing card,NA,28,Retail,Small
70830,Sweet Mayhem's Systar Starship!,THE LEGO® MOVIE 2™,502,69.99,99.99,2019,Ages_9+,100,3,Box,0.91Kg (2 lb),188,Retail,Small
31086,Futuristic Flyer,Creator 3-in-1,157,14.99,12.93,2019,Ages_7+,136,NA,Box,0.27Kg (0.59 lb),65,Retail,Small
70682,Spinjitzu Slam - Jay,NINJAGO®,72,9.99,14.43,2019,Ages_7+,44,1,Box,NA,37,Retail,Small
60248,Fire Helicopter Response,City,93,29.99,23.98,2020,Ages_5+,44,3,Box,0.25Kg (0.55 lb),61,Retail,Small
10713,Creative Suitcase,Classic,213,19.99,15.99,2018,Ages_4-99,36,NA,Plastic box,0.84Kg (1.85 lb),89,Retail,Small
75224,Sith Infiltrator Microfighter,Star Wars™,92,9.99,23.4,2019,Ages_6+,40,1,Box,0.1Kg (0.22 lb),45,Retail,Small
70684,Spinjitzu Slam - Kai vs. Samurai,NINJAGO®,164,19.99,21.87,2019,Ages_8+,76,2,Box,NA,67,Retail,Small
41453,Party Time,Unikitty!™,214,19.99,15.95,2018,Ages_6-12,80,4,Box,0.27Kg (0.59 lb),119,Retail,Small
70681,Spinjitzu Slam - Lloyd,NINJAGO®,70,9.99,15.28,2019,Ages_7+,44,1,Box,NA,34,Retail,Small
41162,"Ariel, Aurora, and Tiana's Royal Celebration",Disney™,282,39.99,94.49,2019,Ages_5+,108,3,NA,NA,131,NA,Small
21142,The Polar Igloo,Minecraft™,278,29.99,67.39,2018,Ages_8+,84,2,Box,0.56Kg (1.23 lb),95,Retail,Small
42111,Dom's Dodge Charger,Technic™,1077,99.99,99.95,2020,Ages_10+,236,NA,Box,NA,172,Retail - limited,Small
42103,Dragster,Technic™,225,19.99,19.99,2020,Ages_7+,80,NA,Box,NA,68,Retail,Small
71373,Builder Mario Power-Up Pack,LEGO® Super Mario™,10,9.99,17.4,2020,Ages_6+,NA,NA,Box,NA,8,Retail,Small
21145,The Skull Arena,Minecraft™,198,19.99,36.81,2018,Ages_7-14,68,2,Box,0.42Kg (0.93 lb),68,Retail,Small
71376,Thwomp Drop,LEGO® Super Mario™,393,39.99,39.99,2020,Ages_8+,NA,NA,Box,NA,159,Retail - limited,Small
76113,Spider-Man Bike Rescue,Marvel,235,19.99,31.85,2019,Ages_6+,92,3,Box,0.34Kg (0.75 lb),98,Retail,Small
42093,Chevrolet Corvette ZR1,Technic™,579,49.99,49.99,2019,Ages_9+,233,NA,Box,0.79Kg (1.74 lb),105,Retail,Small
41383,Olivia's Hamster Playground,Friends,81,9.99,19.94,2019,Ages_6+,40,1,NA,0.1Kg (0.22 lb),52,NA,Small
75284,Knights of Ren Transport Ship,Star Wars™,595,69.99,69.99,2020,Ages_9+,136,3,Box,NA,182,Retail,Small
76149,The Menace of Mysterio,Marvel,163,29.99,25.99,2020,Ages_4+,128,3,Box,NA,97,Retail,Small
76089,Mighty Micros: Scarlet Spider vs. Sandman,Marvel,89,9.99,9.99,2018,Ages_5-12,7,2,Box,NA,49,Retail,Small
70828,Pop-Up Party Bus,THE LEGO® MOVIE 2™,1024,79.99,57.99,2019,Ages_9+,172,4,Box,1.39Kg (3.06 lb),294,Retail,Small
70667,Kai's Blade Cycle & Zane's Snowmobile,NINJAGO®,376,29.99,49.95,2019,Ages_8+,128,4,Box,0.51Kg (1.12 lb),189,Retail,Small
41193,Aira & the Song of the Wind Dragon,NA,451,39.99,146.67,2018,Ages_8-12,48,3,Box,NA,200,Retail,NA
75273,Poe Dameron's X-wing Fighter,Star Wars™,761,89.99,89.95,2020,Ages_9+,124,4,Box,NA,219,Retail,Small
10882,Train Tracks,DUPLO®,23,19.99,17.99,2018,Ages_2-5,16,NA,Box,0.66Kg (1.45 lb),9,Retail,Large
60252,Construction Bulldozer,City,126,19.99,15.99,2020,Ages_4+,84,2,Box,0.35Kg (0.78 lb),81,Retail,Small
10886,My First Car Creations,DUPLO®,34,19.99,16,2019,Ages_1½+,10,NA,NA,0.64Kg (1.41 lb),31,NA,Large
75272,Sith TIE Fighter,Star Wars™,470,79.99,79.95,2020,Ages_9+,104,3,Box,NA,127,Retail,Small
10771,Carnival Thrill Coaster,Disney™,98,19.99,15.99,2019,Ages_4+,44,2,Box,NA,56,Retail,Small
10759,Elastigirl's Rooftop Pursuit,Juniors,95,19.99,33.2,2018,Ages_4-7,64,2,Box,NA,77,Retail,Small
42101,Buggy,Technic™,117,12.99,12.93,2020,Ages_7+,48,NA,Box,NA,47,Retail,Small
60231,Fire Chief Response Truck,City,201,29.99,24,2019,Ages_5+,84,2,Box,0.38Kg (0.83 lb),98,Retail,Small
10926,Bedroom,DUPLO®,16,14.99,14.99,2020,Ages_2+,2,2,Box,NA,16,Retail,Large
41191,Naida & The Water Turtle Ambush,NA,205,19.99,59.95,2018,Ages_7-12,56,2,Box,NA,103,Retail,NA
60243,Police Helicopter Chase,City,212,39.99,35.98,2020,Ages_5+,128,4,Box,0.52Kg (1.16 lb),127,Retail,Small
75239,Hoth Generator Attack,Star Wars™,235,29.99,22.99,2019,Ages_7+,68,2,Box,NA,101,Retail,Small
41369,Mia's House,Friends,715,69.99,62.99,2019,Ages_6+,192,3,NA,1.12Kg (2.47 lb),274,NA,Small
60258,Tuning Workshop,City,897,99.99,99.99,2020,Ages_6+,389,7,Box,1.63Kg (3.58 lb),411,Retail,Small
43178,Cinderella's Castle Celebration,Disney™,168,29.99,23.99,2020,Ages_4+,100,1,Box,NA,96,Retail,Small
75271,Luke Skywalker's Landspeeder,Star Wars™,236,29.99,29.93,2020,Ages_7+,72,3,Box,NA,104,NA,Small
76159,Joker's Trike Chase,Batman™,440,49.99,49.95,2020,Ages_7+,108,4,Box,NA,181,Retail,Small
71716,Lloyd Avatar - Arcade Pod,NINJAGO®,48,9.99,9.84,2020,Ages_7+,3,2,Box with backing card,NA,28,Retail,Small
75884,1968 Ford Mustang Fastback,Speed Champions,183,14.99,34.69,2018,Ages_7-14,60,1,Box,0.22Kg (0.48 lb),74,Retail,Small
41158,Jasmine's Petite Tower,Disney™,49,9.99,16.75,2019,Ages_5+,24,1,NA,0.09Kg (0.2 lb),35,NA,Small
21160,The Illager Raid,Minecraft™,562,59.99,58.16,2020,Ages_8+,96,5,Box,NA,187,Retail,Small
10872,Train Bridge and Tracks,DUPLO®,26,24.99,21.99,2018,Ages_2-5,16,1,Box,0.88Kg (1.95 lb),10,Retail,Large
41425,Olivia's Flower Garden,Friends,92,9.99,9.49,2020,Ages_6+,48,2,Box,NA,61,Retail,Small
41357,Olivia's Heart Box,Friends,85,7.99,12.89,2019,Ages_6+,32,2,NA,0.14Kg (0.31 lb),38,NA,Small
70427,Welcome to the Hidden Side,Hidden Side,189,19.99,15.99,2020,Ages_7+,68,4,Box,NA,103,Retail,Small
75262,Imperial Dropship – 20th Anniversary Edition,Star Wars™,125,19.99,41.39,2019,Ages_6+,60,3,Box,NA,57,Retail,Small
10915,Alphabet Truck,DUPLO®,36,24.99,21.99,2020,Ages_1½+,1,2,Box,NA,35,Retail,Large
11004,Windows of Creativity,Classic,450,29.99,24,2019,Ages_4+,85,NA,Box,NA,153,Retail,Small
70827,Ultrakatty & Warrior Lucy!,THE LEGO® MOVIE 2™,348,29.99,23.99,2019,Ages_8+,92,2,Box,0.41Kg (0.9 lb),119,Retail,Small
70637,Cole - Spinjitzu Master,NINJAGO®,73,9.99,18.99,2018,Ages_6-14,32,1,Box,NA,40,Retail,Small
21141,The Zombie Cave,Minecraft™,241,19.99,16.82,2018,Ages_7-14,84,3,Box,0.39Kg (0.86 lb),88,Retail,Small
76104,The Hulkbuster Smash-Up,Marvel,375,29.99,41,2018,Ages_7-14,84,4,Box,0.49Kg (1.08 lb),143,Retail,Small
76128,Molten Man Battle,Spider-Man,294,29.99,22.79,2019,Ages_7+,76,3,Box,NA,117,Retail,Small
75241,Action Battle Echo Base Defence,Star Wars™,504,59.99,48,2019,Ages_8+,112,5,Box,NA,192,Retail,Small
60197,Passenger Train,City,677,159.99,134.99,2018,Ages_6-12,230,4,Box,2.05Kg (4.51 lb),165,Retail,Small
41901,Funky Animals Bracelet,DOTS,33,4.99,4.99,2020,Ages_6+,NA,NA,Foil pack,NA,10,Retail,Small
10913,Brick Box,DUPLO®,65,29.99,26.79,2020,Ages_1½+,20,2,Tag,NA,46,Retail,Large
75533,Boba Fett,Star Wars™,144,29.99,94.95,2018,Ages_8-14,48,NA,Box,NA,67,Retail,Small
60198,Cargo Train,City,1227,229.99,181.21,2018,Ages_6-12,362,6,Box,3.03Kg (6.68 lb),410,Retail,Small
76116,Batman Batsub and the Underwater Clash,Batman™,174,19.99,36,2019,Ages_7+,64,3,Box,0.32Kg (0.7 lb),82,Retail,Small
21044,Paris,Architecture,649,49.99,49.84,2019,Ages_12+,112,NA,Box,NA,114,Retail,Small
75975,Watchpoint: Gibraltar,Overwatch®,730,89.99,67.76,2019,Ages_9+,192,4,Box,1.39Kg (3.06 lb),287,Retail,Small
21041,Great Wall of China,Architecture,551,49.99,82.59,2018,Ages_12+,112,NA,Box,0.81Kg (1.78 lb),81,Retail - limited,Small
41380,Lighthouse Rescue Centre,Friends,602,59.99,47.99,2019,Ages_6+,180,2,Box,NA,273,Retail,Small
60267,Safari Off-Roader,City,168,19.99,17.99,2020,Ages_5+,76,2,Box,0.34Kg (0.76 lb),86,Retail,Small
70428,Jack's Beach Buggy,Hidden Side,170,19.99,16.99,2020,Ages_7+,56,3,Box,NA,98,Retail,Small
10260,Downtown Diner,Creator Expert,2480,169.99,250.98,2018,Ages_16+,200,6,Box,NA,508,LEGO exclusive,Small
21319,Central Perk,Ideas,1070,59.99,59.99,2019,Ages_16+,156,7,Box,1.35Kg (2.98 lb),366,Retail - limited,Small
41385,Emma's Summer Heart Box,Friends,86,7.99,14.67,2019,Ages_6+,36,1,Other,NA,45,Retail,Small
60261,Central Airport,City,286,59.99,59.95,2020,Ages_4+,169,6,Box,0.82Kg (1.81 lb),168,Retail,Small
41253,Lonesome Flats Raft Adventure,Trolls World Tour,159,29.99,23.99,2020,Ages_4+,100,3,Box,NA,110,Retail,Small
75252,Imperial Star Destroyer,Star Wars™,4784,699.99,699.95,2019,Ages_16+,444,2,Box,NA,445,LEGO exclusive,Small
41390,Andrea's Car & Stage,Friends,240,19.99,17.98,2020,Ages_6+,68,2,Box,NA,116,Retail,Small
41426,Heartlake City Park Café,Friends,224,19.99,19.95,2020,Ages_6+,72,2,Box,NA,117,Retail,Small
21138,The Melon Farm,Minecraft™,69,14.99,62.75,2018,Ages_6-14,44,3,Box,NA,47,Retail,Small
76118,Mr. Freeze Batcycle Battle,Batman™,200,19.99,37.03,2019,Ages_6+,68,3,Box,0.3Kg (0.66 lb),97,Retail,Small
76112,App-Controlled Batmobile,DC,321,99.99,139.95,2018,Ages_8+,108,1,Box,0.82Kg (1.81 lb),114,Retail,Small
41391,Heartlake City Hair Salon,Friends,235,19.99,17.99,2020,Ages_6+,84,2,Box,NA,138,Retail,Small
60212,Barbecue Burn Out,City,64,9.99,8.99,2019,Ages_4+,28,2,Box,0.13Kg (0.29 lb),45,Retail,Small
60254,Race Boat Transporter,City,238,29.99,26.99,2020,Ages_5+,124,2,Box,0.56Kg (1.24 lb),123,Retail,Small
11007,Creative Green Bricks,Classic,60,4.99,4.93,2020,Ages_4+,37,NA,Box,NA,36,Retail,Small
75268,Snowspeeder,Star Wars™,91,19.99,19.95,2020,Ages_4+,56,2,Box,NA,64,Retail,Small
41608,Han Solo,Star Wars™,141,9.99,14,2018,Ages_10+,44,NA,Box,NA,51,Retail,Small
70652,Stormbringer,NINJAGO®,493,39.99,93.99,2018,Ages_8-14,108,4,Box,0.68Kg (1.5 lb),182,Retail,Small
43175,Anna and Elsa's Storybook Adventures,LEGO® Frozen 2,133,19.99,16.37,2020,Ages_5+,3,4,Box,NA,71,Retail,Small
10878,Rapunzel's Tower,DUPLO®,37,29.99,98.99,2018,Ages_2-5,24,1,Box,NA,26,NA,Large
71700,Jungle Raider,NINJAGO®,127,9.99,8.99,2020,Ages_7+,60,1,Box,NA,61,Retail,Small
41915,Jewellery Box,DOTS,374,19.99,19.99,2020,Ages_6+,3,NA,Plastic canister,NA,35,Retail,Small
43173,Aurora's Royal Carriage,Disney™,62,9.99,9.72,2020,Ages_5+,28,1,Box,NA,35,Retail,Small
42095,Remote-Controlled Stunt Racer,Technic™,324,99.99,80.99,2019,Ages_9+,72,NA,Box,0.79Kg (1.74 lb),78,Retail,Small
42104,Race Truck,Technic™,227,19.99,18.84,2020,Ages_7+,35,NA,Box,NA,59,Retail,Small
10920,Elsa and Olaf's Tea Party,DUPLO®,17,19.99,17.93,2020,Ages_2+,12,2,Box,NA,13,Retail,Large
76137,Batman vs. The Riddler Robbery,Batman™,59,9.99,20.92,2019,Ages_4+,36,2,Box,NA,44,Retail,Small
42071,Dozer Compactor,Technic™,171,19.99,38.95,2018,Ages_8-14,100,NA,Box,0.33Kg (0.73 lb),62,Retail,Small
75193,Millennium Falcon Microfighter,Star Wars™,92,9.99,48.9,2018,Ages_6-12,44,1,Box,0.11Kg (0.25 lb),48,Retail,Small
70839,The Rexcelsior!,THE LEGO® MOVIE 2™,1826,149.99,229.99,2019,Ages_10+,276,4,Box,NA,377,Retail,Small
60215,Fire Station,City,509,69.99,56,2019,Ages_5+,184,4,Box,1.17Kg (2.57 lb),210,Retail,Small
76124,War Machine Buster,Marvel,362,34.99,27.79,2019,Ages_7+,64,4,Box,NA,122,Retail,Small
70923,The Bat-Space Shuttle,DC,643,79.99,153,2018,Ages_8-14,124,6,Box,NA,239,Retail,Small
70831,Emmet's Dream House/Rescue Rocket!,THE LEGO® MOVIE 2™,706,69.99,86.89,2019,Ages_8+,260,4,Box,1.14Kg (2.51 lb),197,Retail,Small
60220,Garbage Truck,City,90,19.99,16.36,2019,Ages_4+,40,2,Box,0.31Kg (0.69 lb),52,Retail,Small
76140,Iron Man Mech,Marvel,148,9.99,9.84,2020,Ages_6+,64,1,Box,NA,61,Retail,Small
76152,Avengers Wrath of Loki,Marvel,223,59.99,59.95,2020,Ages_4+,124,5,Box,NA,137,Retail,Small
75200,Ahch-To Island Training,Star Wars™,241,29.99,48.99,2018,Ages_7-12,84,2,Box,0.39Kg (0.86 lb),129,Retail,Small
41338,Stephanie's Sports Arena,Friends,460,44.99,68.7,2018,Ages_6-12,108,2,Box,0.76Kg (1.67 lb),188,Retail,Small
70823,Emmet's Thricycle!,THE LEGO® MOVIE 2™,174,14.99,16,2019,Ages_7+,84,1,Box,0.25Kg (0.55 lb),100,Retail,Small
70646,Jay - Dragon Master,NINJAGO®,92,14.99,22,2018,Ages_8-14,48,1,Box,NA,53,Retail,Small
41423,Tiger Hot Air Balloon Jungle Rescue,Friends,302,39.99,39.95,2020,Ages_7+,116,2,Box,NA,145,Retail,Small
76091,Mighty Micros: Thor vs. Loki,Marvel,79,9.99,28.49,2018,Ages_5-12,7,2,Box,NA,47,Retail,Small
31107,Space Rover Explorer,Creator 3-in-1,510,39.99,39.95,2020,Ages_8+,276,1,Box,NA,206,Retail,Small
60238,Switch Tracks,City,8,15.99,14.39,2018,Ages_5-12,NA,NA,Box,0.28Kg (0.62 lb),4,Retail,Small
75286,General Grievous's Starfighter,Star Wars™,487,79.99,79.95,2020,Ages_9+,96,NA,Box,NA,139,Retail,Small
75246,Death Star Cannon,Star Wars™,159,19.99,13.85,2019,Ages_7+,80,2,Box,NA,79,Retail,Small
10858,My First Puzzle Pets,DUPLO®,18,9.99,34.5,2018,Ages_1½-3,9,NA,Box,0.34Kg (0.75 lb),16,NA,Large
10893,Spider-Man vs. Electro,Marvel,29,19.99,46.75,2019,Ages_2+,10,2,Box,0.41Kg (0.9 lb),22,Retail,Small
70636,Zane - Spinjitzu Master,NINJAGO®,69,9.99,19.65,2018,Ages_6-14,32,1,Box,NA,38,Retail,Small
10403,World Fun,Classic,295,19.99,20.99,2018,Ages_5-99,53,2,Box,NA,149,Retail,Small
21140,The Chicken Coop,Minecraft™,198,19.99,15.99,2018,Ages_7-14,72,1,Box,0.36Kg (0.79 lb),90,Retail,Small
60262,Passenger Airplane,City,669,99.99,99.95,2020,Ages_6+,273,9,Box,1.77Kg (3.9 lb),288,Retail,Small
60241,Police Dog Unit,City,67,9.99,8.99,2020,Ages_4+,40,2,Box,0.12Kg (0.28 lb),48,Retail,Small
42096,Porsche 911 RSR,Technic™,1580,149.99,127.4,2019,Ages_10+,296,NA,Box,2.25Kg (4.96 lb),178,Retail,Small
70638,Katana V11,NINJAGO®,257,19.99,32.98,2018,Ages_7-14,84,2,Box,0.32Kg (0.7 lb),111,Retail,Small
41165,Anna's Canoe Expedition,LEGO® Frozen 2,108,19.99,16,2019,Ages_4+,64,2,Box,NA,61,Retail,Small
10712,Bricks and Gears,Classic,244,19.99,36.78,2018,Ages_5-99,124,NA,Box,0.4Kg (0.88 lb),94,Retail,Small
42102,Mini CLAAS XERION,Technic™,130,12.99,12.99,2020,Ages_7+,56,NA,Box,NA,45,Retail,Small
10265,Ford Mustang,Creator Expert,1471,149.99,149.99,2019,Ages_16+,212,NA,Box,NA,358,LEGO exclusive,Small
41371,Mia's Horse Trailer,Friends,216,29.99,34.95,2019,Ages_6+,76,2,Box,NA,119,Retail,Small
10269,Harley-Davidson Fat Boy,Creator Expert,1023,99.99,99.95,2019,Ages_16+,156,NA,Box,NA,300,NA,Small
60180,Monster Truck,City,192,19.99,26.48,2018,Ages_6-12,76,1,Box,0.38Kg (0.84 lb),76,Retail,Small
10908,Plane,DUPLO®,12,9.99,23.27,2019,Ages_2+,10,1,Box,NA,11,Retail,Large
10404,Ocean's Bottom,Classic,579,29.99,52.47,2018,Ages_5-99,57,2,Box,NA,218,Retail,Small
71699,Thunder Raider,NINJAGO®,576,49.99,44.99,2020,Ages_8+,148,5,Box,NA,191,Retail,Small
70429,El Fuego's Stunt Plane,Hidden Side,295,29.99,29.95,2020,Ages_7+,92,3,Box,NA,149,Retail,Small
60234,People Pack - Fun Fair,City,183,39.99,31.99,2019,Ages_5+,64,14,Box,0.28Kg (0.61 lb),138,Retail,Small
60236,Straight & T-Junction,City,2,14.99,13.49,2019,Ages_5+,NA,NA,Shrink-wrapped,0.2Kg (0.44 lb),2,Retail,Small
72002,Twinfector,NA,191,19.99,69.99,2018,Ages_7-14,44,3,Box,NA,73,Retail,NA
41346,Friendship Box,Friends,563,49.99,49.79,2018,Ages_6-12,172,NA,Box,0.98Kg (2.16 lb),198,Retail,Small
41603,Kylo Ren,Star Wars™,130,9.99,23.15,2018,Ages_10+,40,NA,Box,NA,50,Retail,Small
70663,Spinjitzu Nya & Wu,NINJAGO®,227,19.99,29.95,2019,Ages_7+,56,2,Box,0.23Kg (0.51 lb),49,Retail,Small
60219,Construction Loader,City,88,9.99,8.99,2019,Ages_5+,36,1,Box,0.16Kg (0.34 lb),50,Retail,Small
41161,Aladdin's and Jasmine's Palace Adventures,Disney™,193,29.99,67.22,2019,Ages_5+,76,2,NA,0.38Kg (0.84 lb),114,NA,Small
75249,Resistance Y-wing Starfighter,Star Wars™,578,69.99,55.99,2019,Ages_8+,76,5,Box,NA,177,Retail,Small
43170,Moana's Ocean Adventure,Disney™,46,9.99,9.84,2020,Ages_6+,36,1,Box,NA,39,Retail,Small
75207,Imperial Patrol Battle Pack,Star Wars™,99,14.99,17.25,2018,Ages_6-12,36,3,Box,NA,43,Retail,Small
70678,Castle of the Forsaken Emperor,NINJAGO®,1218,99.99,89.99,2019,Ages_9+,248,7,Box,NA,361,Retail,Small
31080,Modular Winter Vacation,Creator 3-in-1,374,34.99,46,2018,Ages_7-12,200,2,Box,NA,142,Retail,Small
41375,Heartlake City Amusement Pier,Friends,1251,129.99,116.99,2019,Ages_8+,316,7,Box,NA,433,Retail,Small
71366,Boomer Bill Barrage,LEGO® Super Mario™,132,29.99,29.99,2020,Ages_7+,NA,2,Box,NA,70,Retail,Small
70633,Kai - Spinjitzu Master,NINJAGO®,61,9.99,29.99,2018,Ages_6-14,32,1,Box,NA,33,Retail,Small
41394,Heartlake City Hospital,Friends,379,49.99,48.53,2020,Ages_6+,132,3,Box,NA,154,Retail,Small
31087,Dune Buggy,Creator 3-in-1,147,12.99,11.92,2019,Ages_6+,120,NA,Box,0.25Kg (0.55 lb),65,Retail,Small
41336,Emma's Art Café,Friends,378,32.99,85.49,2018,Ages_6-12,112,2,Box,0.6Kg (1.32 lb),166,Retail,Small
70430,Newbury Subway,Hidden Side,348,29.99,29.95,2020,Ages_8+,108,3,Box,NA,146,Retail,Small
42077,Rally Car,Technic™,1005,109.99,161.03,2018,Ages_10-16,364,NA,NA,1.7Kg (3.74 lb),152,NA,Small
10714,Blue Baseplate,Classic,1,7.99,13.48,2018,Ages_4-99,NA,NA,NA,0.1Kg (0.22 lb),1,Retail,Small
60246,Police Station,City,743,99.99,99.99,2020,Ages_6+,345,7,Box,1.85Kg (4.06 lb),298,Retail,Small
60216,Downtown Fire Brigade,City,943,99.99,89.99,2019,Ages_6+,414,7,Box,1.84Kg (4.06 lb),400,Retail,Small
70670,Monastery of Spinjitzu,NINJAGO®,1070,79.99,71.99,2019,Ages_9+,188,8,Box,1.52Kg (3.35 lb),359,Retail,Small
75951,Grindelwald's Escape,NA,132,19.99,19.99,2018,Ages_7-14,48,2,Box,0.24Kg (0.53 lb),68,Retail,NA
75977,Junkrat & Roadhog,Overwatch®,380,49.99,39.95,2019,Ages_10+,92,2,Box,NA,168,Retail,Small
71706,Cole's Speeder Car,NINJAGO®,52,9.99,8.99,2020,Ages_4+,36,2,Box,NA,32,Retail,Small
75216,Snoke's Throne Room,Star Wars™,492,69.99,63.95,2018,Ages_8-14,104,4,Box,0.82Kg (1.81 lb),166,Retail,Small
75213,Star Wars Advent Calendar,Star Wars™,307,39.99,39.88,2018,Ages_6-14,4,7,Box,NA,186,Retail,Small
75292,The Razor Crest,Star Wars™,1023,129.99,129.99,2020,Ages_10+,NA,2,Box,NA,277,Retail,Small
42088,Cherry Picker,Technic™,155,9.99,22.75,2019,Ages_7+,40,NA,NA,0.16Kg (0.35 lb),51,NA,Small
41250,Techno Reef Dance Party,Trolls World Tour,173,19.99,16.82,2020,Ages_5+,72,1,Box,NA,85,Retail,Small
75971,Hanzo vs. Genji,Overwatch®,197,19.99,24.45,2019,Ages_8+,60,3,Box,0.3Kg (0.66 lb),84,Retail,Small
41361,Mia's Foal Stable,Friends,118,19.99,15.99,2019,Ages_4+,64,1,NA,0.29Kg (0.64 lb),66,NA,Small
76896,Nissan GT-R NISMO,Speed Champions,298,19.99,18.95,2020,Ages_7+,80,1,Box,NA,101,Retail,Small
42106,Stunt Show Truck & Bike,Technic™,610,49.99,49.99,2020,Ages_8+,120,NA,Box,NA,109,Retail,Small
41362,Heartlake City Supermarket,Friends,140,29.99,32.97,2019,Ages_4+,68,2,Box,NA,90,Retail,Small
70635,Jay - Spinjitzu Master,NINJAGO®,68,9.99,29.95,2018,Ages_6-14,32,1,Box,NA,39,Retail,Small
10760,Underminer's Bank Heist,Juniors,149,24.99,49.75,2018,Ages_4-7,64,3,Box,NA,99,Retail,Small
76120,Batwing and The Riddler Heist,Batman™,489,49.99,40,2019,Ages_7+,132,4,Box,NA,212,Retail,Small
21163,The Redstone Battle,Minecraft™,504,39.99,39.99,2020,Ages_8+,88,4,Box,NA,133,Retail,Small
76142,Avengers Speeder Bike Attack,Marvel,226,19.99,15.99,2020,Ages_6+,104,3,Box,NA,97,Retail,Small
76895,Ferrari F8 Tributo,Speed Champions,275,19.99,19.95,2020,Ages_7+,72,1,Box,0.32Kg (0.7 lb),92,Retail,Small
60204,City Hospital,City,861,99.99,209.45,2018,Ages_6-12,329,13,Box,1.67Kg (3.69 lb),362,Retail,Small
75947,Hagrid's Hut: Buckbeak's Rescue,Harry Potter™,496,59.99,47.99,2019,Ages_8+,120,6,Box,NA,208,Retail,Small
41378,Dolphins Rescue Mission,Friends,363,39.99,31.67,2019,Ages_6+,116,2,Box,NA,192,Retail,Small
76090,Mighty Micros: Star-Lord vs. Nebula,Marvel,86,9.99,19.49,2018,Ages_5-12,7,2,Box,NA,45,Retail,Small
76148,Spider-Man vs. Doc Ock,Marvel,234,19.99,19.95,2020,Ages_6+,72,3,Box,NA,80,Retail,Small
75950,Aragog's Lair,Harry Potter™,157,14.99,29.95,2018,Ages_7-14,56,2,Box,0.16Kg (0.35 lb),82,Retail,Small
10749,Mia's Organic Food Market,Friends,115,19.99,24.49,2018,Ages_4-7,56,1,Box,NA,70,Retail,Small
31089,Sunset Track Racer,Creator 3-in-1,221,19.99,17.97,2019,Ages_7+,144,NA,Box,0.38Kg (0.84 lb),81,Retail,Small
75194,First Order TIE Fighter Microfighter,Star Wars™,91,9.99,24.95,2018,Ages_6-12,40,1,Box,0.11Kg (0.24 lb),47,Retail,Small
21162,The Taiga Adventure,Minecraft™,74,9.99,9.84,2020,Ages_7+,40,2,Box,NA,48,Retail,Small
41363,Mia's Forest Adventures,Friends,134,14.99,18.95,2019,Ages_6+,44,1,NA,0.15Kg (0.33 lb),77,NA,Small
41364,Stephanie's Buggy & Trailer,Friends,166,19.99,32.9,2019,Ages_6+,48,1,NA,0.29Kg (0.64 lb),97,NA,Small
70676,Lloyd's Titan Mech,NINJAGO®,876,79.99,71.99,2019,Ages_9+,164,6,Box,NA,230,Retail,Small
41164,Enchanted Tree House,LEGO® Frozen 2,302,49.99,39.99,2019,Ages_6+,120,3,Box,NA,174,Retail,Small
41379,Heartlake City Restaurant,Friends,624,59.99,48,2019,Ages_6+,140,3,Box,NA,201,Retail,Small
75243,Slave I - 20th Anniversary Edition,Star Wars™,1007,119.99,119.97,2019,Ages_10+,164,6,Box,NA,293,Retail,Small
41356,Stephanie's Heart Box,Friends,85,7.99,14.99,2019,Ages_6+,32,1,NA,0.13Kg (0.29 lb),36,NA,Small
60233,Donut Shop Opening,City,790,89.99,80.99,2019,Ages_6+,320,10,Box,1.4Kg (3.09 lb),368,Retail,Small
41387,Olivia's Summer Heart Box,Friends,93,7.99,7.99,2019,Ages_6+,40,2,Other,NA,48,Retail,Small
10863,My First Animal Brick Box,DUPLO®,34,29.99,26.99,2018,Ages_1½-3,9,NA,Plastic box,NA,29,NA,Large
41401,Stephanie's Play Cube - Baker,Friends,44,9.99,18.54,2020,Ages_6+,5,1,Box,NA,37,Retail,Small
70661,Spinjitzu Zane,NINJAGO®,109,9.99,17.99,2019,Ages_7+,32,1,Box,0.13Kg (0.29 lb),21,Retail,Small
42105,Catamaran,Technic™,404,49.99,39.99,2020,Ages_8+,100,NA,Box,NA,74,Retail,Small
31102,Fire Dragon,Creator 3-in-1,234,19.99,19.59,2020,Ages_7+,132,NA,Box,NA,80,Retail,Small
75288,AT-AT,Star Wars™,1267,159.99,237.9,2020,Ages_10+,188,NA,Box,NA,285,Retail,Small
